equipe_dom,equipe_ext,cote_dom,cote_nul,cote_ext,score,total_buts,resultat
Spurs,Burnley,1.41,5.52,5.84,2-3,5,E
A. Villa,Sunderland,1.38,5.27,6.93,0-2,2,E
West Ham,London Blues,2.54,3.69,2.54,2-0,2,D
Manchester Red,London Reds,4.21,3.55,1.85,1-2,3,E
Everton,Wolverhampton,1.91,3.42,4.08,0-1,1,E
Brentford,Leeds,1.37,5.12,7.57,4-1,5,D
Manchester Blue,Liverpool,1.58,4.81,4.58,1-3,4,E
Bournemouth,Newcastle,2.88,3.54,2.32,1-2,3,E
Fulham,C. Palace,2.1,3.63,3.23,1-0,1,D
N. Forest,Brighton,2.26,3.81,2.82,1-3,4,E
Wolverhampton,Spurs,2.76,3.86,2.28,0-1,1,E
Leeds,Manchester Blue,14.52,6.46,1.2,1-4,5,E
C. Palace,A. Villa,2.04,3.55,3.46,1-3,4,E
Sunderland,Everton,5.06,3.35,1.77,0-4,4,E
Burnley,Manchester Red,3.12,3.29,2.3,0-2,2,E
Brighton,Bournemouth,1.64,4.42,4.43,1-0,1,D
Fulham,N. Forest,1.69,4.21,4.33,2-0,2,D
Liverpool,Everton,1.25,5.56,12.45,6-0,6,D
Manchester Red,Manchester Blue,3.71,3.56,1.96,1-4,5,E
Sunderland,C. Palace,5.97,3.9,1.57,1-0,1,D
Burnley,Bournemouth,2.86,3.69,2.28,2-1,3,D
London Blues,Leeds,1.28,5.28,11.08,1-1,2,N
Brentford,Brighton,2.03,4.37,2.95,3-3,6,N
Spurs,Sunderland,1.54,4.82,4.92,3-2,5,D
Manchester Blue,Newcastle,1.43,5.17,5.96,1-1,2,N
Bournemouth,Fulham,2.5,3.31,2.79,0-3,3,E
London Reds,Burnley,1.18,7.53,12.02,4-2,6,D
Everton,C. Palace,2.47,3.05,3.06,1-2,3,E
Manchester Red,Wolverhampton,1.51,4.31,6.0,2-1,3,D
C. Palace,Spurs,2.27,3.89,2.76,0-3,3,E
Sunderland,Manchester Red,5.9,4.07,1.55,0-3,3,E
N. Forest,Everton,1.83,3.38,4.61,4-0,4,D
Wolverhampton,London Reds,6.94,4.28,1.47,2-1,3,D
Newcastle,London Blues,1.43,4.88,6.43,2-0,2,D
A. Villa,Bournemouth,1.43,5.22,5.85,4-0,4,D
Fulham,Brentford,2.36,3.65,2.76,3-1,4,D
Brighton,Manchester Blue,3.62,3.74,1.94,3-3,6,N
Leeds,Liverpool,9.6,5.95,1.27,0-4,4,E
Manchester Red,C. Palace,1.87,3.49,4.17,2-0,2,D
Spurs,N. Forest,1.52,4.79,5.19,5-1,6,D
London Blues,Brighton,1.81,4.15,3.77,3-2,5,D
Brentford,A. Villa,1.88,4.06,3.55,4-1,5,D
Burnley,Wolverhampton,2.49,3.4,2.75,1-1,2,N
Fulham,London Blues,2.2,3.8,2.93,0-1,1,E
C. Palace,London Reds,5.37,3.88,1.62,0-0,0,N
Sunderland,Burnley,4.08,4.0,1.77,0-2,2,E
A. Villa,Manchester Blue,2.84,3.65,2.3,1-1,2,N
Everton,Brentford,2.64,3.07,2.81,0-3,3,E
Newcastle,Leeds,1.17,6.87,16.23,4-0,4,D
N. Forest,Manchester Red,2.06,3.43,3.54,2-1,3,D
Leeds,Brighton,6.01,4.91,1.45,0-4,4,E
Spurs,Brentford,1.98,3.97,3.29,3-2,5,D
Manchester Blue,Everton,1.24,5.91,11.65,0-0,0,N
London Blues,A. Villa,1.69,3.88,4.74,4-0,4,D
Burnley,C. Palace,3.42,3.2,2.2,0-1,1,E
Wolverhampton,Sunderland,1.91,3.8,3.68,2-0,2,D
Manchester Red,Bournemouth,1.61,4.31,4.79,2-2,4,N
Liverpool,Fulham,1.34,5.17,8.36,3-1,4,D
London Reds,N. Forest,1.23,6.49,10.59,0-0,0,N
Everton,Bournemouth,2.1,3.51,3.35,1-1,2,N
London Blues,London Reds,3.64,3.48,2.01,3-1,4,D
N. Forest,Brentford,2.3,3.38,3.04,1-1,2,N
C. Palace,Sunderland,1.64,4.15,4.76,0-3,3,E
Wolverhampton,Manchester Blue,5.82,4.05,1.56,2-3,5,E
Fulham,Newcastle,2.57,3.88,2.42,2-1,3,D
Burnley,London Blues,3.49,3.52,2.04,0-3,3,E
Leeds,Everton,4.29,3.3,1.91,1-2,3,E
Liverpool,Manchester Red,1.3,5.4,9.26,3-0,3,D
London Reds,Brighton,1.44,5.23,5.69,2-1,3,D
Bournemouth,A. Villa,2.33,3.29,3.06,3-0,3,D
Manchester Red,Everton,1.68,3.61,5.34,1-2,3,E
Brentford,Wolverhampton,1.55,4.62,5.08,3-0,3,D
Bournemouth,Sunderland,1.83,3.69,4.12,0-0,0,N
Liverpool,Brentford,1.39,4.92,7.31,2-2,4,N
N. Forest,London Reds,4.95,3.71,1.7,0-5,5,E
Everton,Manchester Blue,5.13,3.54,1.72,1-2,3,E
Manchester Red,A. Villa,1.81,3.74,4.18,1-1,2,N
Spurs,Newcastle,2.21,4.26,2.69,3-0,3,D
Wolverhampton,London Blues,2.55,3.56,2.58,4-0,4,D
Burnley,N. Forest,2.52,3.47,2.67,1-1,2,N
London Reds,Wolverhampton,1.22,6.68,11.05,5-1,6,D
West Ham,Manchester Red,2.26,3.51,3.0,2-2,4,N
Fulham,Spurs,2.26,4.08,2.68,1-2,3,E
Newcastle,Bournemouth,1.31,5.92,7.98,2-0,2,D
London Blues,Liverpool,2.25,3.8,2.83,2-2,4,N
Brighton,C. Palace,1.85,3.71,4.0,0-1,1,E
Manchester Blue,A. Villa,1.31,5.65,8.5,4-1,5,D
N. Forest,Brighton,2.27,3.77,2.83,4-0,4,D
Manchester Red,Sunderland,1.52,4.4,5.66,1-0,1,D
Spurs,C. Palace,1.76,4.1,4.05,3-1,4,D
Fulham,Leeds,1.44,4.48,6.96,2-2,4,N
N. Forest,Wolverhampton,1.67,3.91,4.83,1-0,1,D
Sunderland,Manchester Blue,19.57,7.54,1.14,1-3,4,E
Brighton,Spurs,2.02,4.17,3.07,1-3,4,E
Leeds,C. Palace,5.2,3.78,1.66,0-5,5,E
Everton,Burnley,1.75,3.83,4.38,2-1,3,D
Manchester Red,Fulham,1.9,3.63,3.88,1-3,4,E
Manchester Blue,Newcastle,1.46,5.09,5.67,2-0,2,D
Brentford,Sunderland,1.58,4.65,4.68,5-0,5,D
West Ham,London Blues,2.47,3.66,2.62,0-3,3,E
Newcastle,Brentford,1.54,4.27,5.72,1-0,1,D
C. Palace,Manchester Red,2.11,3.48,3.36,2-0,2,D
Wolverhampton,Liverpool,3.9,4.06,1.79,1-0,1,D
Brighton,Bournemouth,1.67,4.41,4.28,3-1,4,D
N. Forest,Everton,1.9,3.22,4.5,1-1,2,N
Burnley,A. Villa,3.18,3.36,2.23,0-2,2,E
London Blues,Sunderland,1.44,4.76,6.47,3-0,3,D
Fulham,Manchester Blue,4.57,3.95,1.7,0-5,5,E
Spurs,Leeds,1.32,5.47,8.3,2-0,2,D
Liverpool,Brighton,1.34,5.72,7.34,4-0,4,D
A. Villa,N. Forest,1.36,5.39,7.11,2-1,3,D
Manchester Blue,C. Palace,1.3,5.59,8.9,3-3,6,N
Manchester Red,Spurs,1.98,4.0,3.29,1-1,2,N
Brentford,Fulham,2.07,3.92,3.11,1-1,2,N
Leeds,Bournemouth,4.4,4.22,1.68,2-3,5,E
West Ham,Burnley,1.7,4.36,4.11,0-0,0,N
Sunderland,London Reds,21.64,7.73,1.13,0-5,5,E
Spurs,Manchester Blue,3.73,4.09,1.83,1-3,4,E
N. Forest,West Ham,1.8,3.78,4.18,2-0,2,D
Bournemouth,Manchester Red,2.23,3.31,3.23,3-0,3,D
Burnley,Sunderland,2.43,3.52,2.75,0-2,2,E
Wolverhampton,A. Villa,2.38,3.42,2.88,0-1,1,E
Fulham,London Blues,2.11,3.84,3.08,3-1,4,D
Liverpool,Everton,1.26,5.47,11.63,3-1,4,D
Brighton,Leeds,1.32,5.14,9.18,3-0,3,D
C. Palace,Brentford,2.33,3.47,2.92,3-1,4,D
London Reds,Newcastle,1.49,4.85,5.42,3-0,3,D
N. Forest,Everton,1.88,3.27,4.49,0-1,1,E
Leeds,Liverpool,9.29,5.89,1.28,0-0,0,N
London Reds,A. Villa,1.39,5.04,7.12,1-3,4,E
London Blues,West Ham,1.48,4.5,6.22,3-2,5,D
Brentford,Manchester Blue,3.81,4.02,1.82,1-0,1,D
Manchester Red,Wolverhampton,1.51,4.35,5.98,4-1,5,D
Sunderland,C. Palace,6.25,3.98,1.54,0-2,2,E
Bournemouth,Burnley,1.73,4.02,4.27,5-1,6,D
Brighton,Spurs,1.96,4.22,3.19,0-3,3,E
Burnley,A. Villa,3.24,3.25,2.25,0-0,0,N
Newcastle,Leeds,1.15,7.37,17.6,2-0,2,D
Everton,Brentford,2.68,3.12,2.72,0-0,0,N
Manchester Blue,Sunderland,1.18,7.63,12.64,1-1,2,N
Manchester Red,Fulham,1.87,3.66,3.98,4-1,5,D
Spurs,Bournemouth,1.64,4.74,4.16,3-0,3,D
Liverpool,Brighton,1.37,5.48,6.85,1-0,1,D
London Reds,Burnley,1.2,7.46,11.2,5-0,5,D
London Blues,Fulham,1.73,3.83,4.53,0-1,1,E
Everton,C. Palace,2.48,3.03,3.07,0-0,0,N
Newcastle,Bournemouth,1.31,5.82,7.91,0-2,2,E
Fulham,N. Forest,1.74,4.13,4.13,1-1,2,N
Manchester Red,Brighton,1.95,3.95,3.41,2-1,3,D
London Blues,Leeds,1.31,5.05,10.4,0-0,0,N
Liverpool,A. Villa,1.32,5.24,9.02,2-1,3,D
Wolverhampton,Brentford,2.63,3.41,2.58,1-2,3,E
Spurs,Burnley,1.43,5.37,5.77,2-2,4,N
Manchester Blue,London Reds,2.3,3.66,2.83,1-1,2,N
Brighton,London Blues,1.95,3.89,3.44,3-1,4,D
Burnley,Liverpool,5.31,4.3,1.56,1-3,4,E
Bournemouth,Manchester Red,2.31,3.28,3.1,1-1,2,N
Sunderland,Wolverhampton,4.39,3.81,1.75,2-1,3,D
N. Forest,Leeds,1.47,4.16,7.24,3-1,4,D
Manchester Blue,Everton,1.24,5.98,11.98,1-0,1,D
London Reds,Spurs,1.44,5.29,5.66,0-0,0,N
Newcastle,Burnley,1.21,6.98,11.5,4-2,6,D
Wolverhampton,C. Palace,2.53,3.27,2.78,1-2,3,E
Fulham,Sunderland,1.7,4.24,4.23,2-1,3,D
Bournemouth,N. Forest,1.83,3.7,4.09,3-1,4,D
Spurs,Newcastle,2.09,4.22,2.89,2-1,3,D
Sunderland,Leeds,3.12,3.14,2.38,0-2,2,E
C. Palace,Fulham,2.3,3.49,2.95,2-0,2,D
Manchester Blue,Wolverhampton,1.18,7.51,13.04,4-0,4,D
London Reds,Liverpool,1.7,4.43,4.08,0-1,1,E
Everton,West Ham,2.04,3.39,3.64,1-1,2,N
Burnley,Manchester Red,3.23,3.34,2.21,1-1,2,N
Brentford,Brighton,2.1,4.31,2.85,1-2,3,E
Newcastle,Liverpool,1.83,4.09,3.73,1-0,1,D
Spurs,London Blues,1.92,4.22,3.31,2-2,4,N
Manchester Blue,Leeds,1.12,8.54,19.81,5-0,5,D
Burnley,N. Forest,2.43,3.42,2.81,3-1,4,D
Sunderland,Bournemouth,5.83,4.56,1.49,1-4,5,E
Everton,Fulham,2.65,3.12,2.76,1-2,3,E
Leeds,Everton,4.17,3.24,1.95,1-1,2,N
Manchester Red,Newcastle,2.2,3.76,2.93,1-3,4,E
Wolverhampton,London Reds,6.39,4.17,1.51,0-4,4,E
Brighton,Manchester Blue,3.74,3.7,1.92,0-3,3,E
Bournemouth,C. Palace,2.3,3.17,3.23,1-0,1,D
Sunderland,A. Villa,6.07,4.1,1.53,1-1,2,N
C. Palace,A. Villa,2.02,3.57,3.5,2-2,4,N
Everton,Brighton,2.53,3.53,2.62,3-0,3,D
Wolverhampton,Fulham,2.67,3.38,2.57,2-1,3,D
Spurs,Brentford,2.07,3.96,3.08,2-2,4,N
Liverpool,N. Forest,1.17,7.31,14.07,4-1,5,D
London Reds,Manchester Red,1.34,5.3,7.83,5-0,5,D
West Ham,Leeds,1.59,3.95,5.64,0-0,0,N
Manchester Blue,Bournemouth,1.23,6.92,10.05,3-1,4,D
Burnley,Sunderland,2.54,3.49,2.63,2-0,2,D
Everton,C. Palace,1.57,4.5,4.95,3-1,4,D
London Blues,Brighton,1.81,4.17,3.74,2-1,3,D
Brentford,Manchester Red,1.82,4.08,3.75,3-0,3,D
Everton,C. Palace,2.43,3.02,3.15,2-0,2,D
N. Forest,London Reds,5.12,3.67,1.69,0-0,0,N
Wolverhampton,London Blues,2.54,3.53,2.61,1-2,3,E
West Ham,Brentford,2.55,3.59,2.57,3-1,4,D
Brighton,Manchester Blue,3.74,3.74,1.9,1-2,3,E
N. Forest,Liverpool,2.91,3.7,2.24,3-2,5,D
Newcastle,Bournemouth,1.31,5.83,8.02,2-2,4,N
London Reds,A. Villa,1.36,5.18,7.7,2-2,4,N
Spurs,Burnley,1.42,5.47,5.79,0-2,2,E
Fulham,Everton,1.84,3.55,4.27,1-0,1,D
C. Palace,Leeds,1.5,4.11,6.67,3-0,3,D
Bournemouth,Spurs,2.54,3.7,2.52,1-1,2,N
Leeds,Manchester Red,5.11,3.97,1.63,0-0,0,N
Brentford,Newcastle,2.3,4.08,2.63,1-5,6,E
Sunderland,West Ham,5.01,3.99,1.64,3-2,5,D
Manchester Blue,Wolverhampton,1.17,7.63,13.18,3-1,4,D
Everton,Brighton,2.61,3.49,2.56,2-0,2,D
N. Forest,Bournemouth,1.83,3.89,3.88,0-1,1,E
London Reds,Manchester Blue,2.15,3.68,3.09,1-2,3,E
Leeds,West Ham,4.07,3.79,1.82,1-1,2,N
Burnley,Manchester Blue,8.17,4.48,1.4,1-2,3,E
London Blues,Bournemouth,1.54,4.54,5.23,0-1,1,E
Fulham,London Reds,1.4,4.82,7.23,0-0,0,N
Everton,Manchester Blue,5.13,3.5,1.73,0-3,3,E
Spurs,Brentford,2.02,3.99,3.19,3-3,6,N
Burnley,London Reds,10.17,4.89,1.32,0-1,1,E
C. Palace,N. Forest,1.7,3.98,4.49,3-1,4,D
Liverpool,Spurs,1.35,5.61,7.13,1-1,2,N
London Reds,Everton,1.29,5.42,10.28,2-0,2,D
Newcastle,Wolverhampton,1.27,5.91,9.65,1-1,2,N
Brentford,Leeds,1.36,5.07,7.91,1-1,2,N
Manchester Blue,Brighton,1.35,5.81,6.86,3-0,3,D
Manchester Red,Burnley,1.41,4.95,6.63,1-0,1,D
Bournemouth,Sunderland,1.86,3.68,3.99,2-2,4,N
Fulham,London Blues,2.14,3.83,3.01,1-2,3,E
Sunderland,Manchester Blue,17.48,7.05,1.16,0-1,1,E
C. Palace,Wolverhampton,1.7,3.92,4.59,5-1,6,D
Liverpool,London Blues,1.33,5.37,8.11,5-0,5,D
Brighton,Spurs,1.95,4.18,3.23,1-2,3,E
Newcastle,Brentford,1.55,4.26,5.6,3-1,4,D
Leeds,Everton,3.96,3.26,2.0,2-1,3,D
N. Forest,Liverpool,3.03,3.67,2.19,2-3,5,E
London Blues,Burnley,1.38,5.24,6.93,5-0,5,D
Sunderland,Manchester Red,6.03,4.17,1.53,2-2,4,N
A. Villa,London Reds,3.43,3.65,2.02,0-2,2,E
West Ham,Manchester Blue,5.18,4.16,1.6,0-1,1,E
Wolverhampton,Bournemouth,2.11,3.86,3.06,3-1,4,D
Spurs,Sunderland,1.52,4.91,5.07,2-1,3,D
Liverpool,Newcastle,1.42,4.98,6.38,1-4,5,E
Everton,London Blues,2.46,3.23,2.9,2-1,3,D
Manchester Blue,Bournemouth,1.21,7.22,10.51,0-3,3,E
Fulham,Wolverhampton,1.63,4.29,4.67,0-0,0,N
Burnley,N. Forest,2.49,3.41,2.74,2-1,3,D
London Reds,Manchester Blue,2.25,3.71,2.89,2-1,3,D
Burnley,C. Palace,3.47,3.22,2.17,3-0,3,D
Brighton,N. Forest,1.5,4.6,5.7,2-1,3,D
Leeds,A. Villa,5.07,3.95,1.64,1-0,1,D
Spurs,West Ham,1.59,4.66,4.61,3-0,3,D
Manchester Red,Bournemouth,1.61,4.32,4.81,1-1,2,N
London Blues,Sunderland,1.45,4.69,6.31,3-2,5,D
Manchester Blue,Manchester Red,1.25,6.16,10.03,4-1,5,D
A. Villa,London Blues,1.67,4.23,4.43,3-0,3,D
Wolverhampton,London Reds,6.81,4.27,1.47,1-1,2,N
N. Forest,A. Villa,2.02,3.48,3.61,4-2,6,D
Manchester Red,London Reds,4.4,3.61,1.8,2-1,3,D
Brighton,C. Palace,1.84,3.77,3.97,2-1,3,D
London Blues,West Ham,1.47,4.57,6.19,3-1,4,D
Spurs,Manchester Blue,3.67,4.08,1.84,4-1,5,D
Bournemouth,London Blues,2.39,3.4,2.88,0-0,0,N
Wolverhampton,Manchester Red,2.38,3.39,2.89,1-1,2,N
Manchester Blue,Leeds,1.12,8.58,20.27,4-1,5,D
West Ham,N. Forest,1.81,3.98,3.9,2-2,4,N
Newcastle,A. Villa,1.42,4.73,6.88,1-2,3,E
London Reds,London Blues,1.42,5.04,6.41,1-0,1,D
C. Palace,Wolverhampton,1.65,4.09,4.81,0-0,0,N
Burnley,Liverpool,5.37,4.28,1.56,0-5,5,E
West Ham,N. Forest,1.79,3.97,4.0,1-1,2,N
Everton,Fulham,2.6,3.14,2.8,0-0,0,N
Manchester Red,Spurs,1.95,4.02,3.34,2-2,4,N
A. Villa,Brighton,1.68,4.54,4.08,3-3,6,N
Newcastle,Sunderland,1.26,5.98,9.79,2-0,2,D
Bournemouth,Manchester Blue,5.07,3.64,1.7,1-2,3,E
Leeds,Brentford,6.37,4.3,1.49,1-3,4,E
N. Forest,Manchester Red,2.07,3.45,3.48,3-1,4,D
Manchester Blue,Sunderland,1.18,7.49,12.6,0-0,0,N
London Blues,C. Palace,1.7,3.78,4.83,1-1,2,N
Liverpool,West Ham,1.23,6.33,11.39,2-0,2,D
Newcastle,Manchester Blue,2.35,3.51,2.87,0-0,0,N
Everton,London Reds,6.08,3.54,1.63,1-2,3,E
Spurs,N. Forest,1.56,4.72,4.81,2-3,5,E
Manchester Red,Liverpool,2.49,3.77,2.54,0-2,2,E
Leeds,London Blues,5.64,4.27,1.54,0-1,1,E
London Blues,Bournemouth,1.48,4.75,5.77,1-0,1,D
Brentford,Manchester Blue,3.82,4.03,1.82,0-2,2,E
Liverpool,Spurs,1.35,5.54,7.09,3-0,3,D
London Reds,Burnley,1.2,7.3,11.3,2-1,3,D
A. Villa,Leeds,1.27,5.66,10.5,6-0,6,D
Sunderland,London Blues,7.18,4.75,1.41,0-5,5,E
Manchester Red,Brighton,1.96,3.98,3.37,0-2,2,E
Manchester Blue,Wolverhampton,1.19,7.33,12.37,1-1,2,N
West Ham,London Reds,6.13,4.17,1.52,1-1,2,N
C. Palace,West Ham,1.77,3.91,4.16,1-3,4,E
Fulham,N. Forest,1.7,4.16,4.29,3-1,4,D
London Reds,Manchester Red,1.37,5.03,7.55,2-0,2,D
London Blues,Manchester Blue,3.16,3.4,2.23,1-2,3,E
Manchester Red,C. Palace,1.9,3.48,4.07,0-1,1,E
Manchester Blue,A. Villa,1.28,5.87,9.08,1-1,2,N
Brentford,London Blues,1.92,4.14,3.36,1-3,4,E
Newcastle,C. Palace,1.4,4.7,7.42,1-1,2,N
Manchester Blue,Bournemouth,1.23,6.89,10.04,1-3,4,E
London Blues,Leeds,1.28,5.32,10.79,1-0,1,D
A. Villa,Manchester Red,1.58,4.29,5.12,4-1,5,D
C. Palace,N. Forest,1.72,4.01,4.39,1-1,2,N
Newcastle,West Ham,1.3,5.64,8.86,0-0,0,N
Brighton,Manchester Blue,3.6,3.71,1.95,2-3,5,E
Bournemouth,London Blues,2.51,3.39,2.74,0-3,3,E
Liverpool,Manchester Red,1.31,5.32,9.14,5-1,6,D
Brentford,A. Villa,1.84,4.03,3.72,1-2,3,E
Manchester Blue,C. Palace,1.3,5.49,8.99,3-0,3,D
Manchester Red,Everton,1.65,3.62,5.58,2-0,2,D
N. Forest,West Ham,1.8,3.77,4.18,1-0,1,D
Leeds,A. Villa,5.2,4.01,1.62,1-2,3,E
C. Palace,London Blues,2.25,3.66,2.92,0-2,2,E
Newcastle,London Reds,2.73,3.42,2.5,4-0,4,D
Burnley,Manchester Red,3.21,3.29,2.25,3-1,4,D
London Reds,Fulham,1.39,5.02,7.04,4-0,4,D
Manchester Red,Newcastle,2.13,3.76,3.09,2-1,3,D
Sunderland,N. Forest,4.54,3.93,1.71,1-3,4,E
Brentford,Brighton,2.11,4.27,2.84,3-2,5,D
Manchester Blue,West Ham,1.22,6.76,11.06,3-1,4,D
A. Villa,Everton,1.45,4.45,6.88,0-1,1,E
Spurs,C. Palace,1.86,3.91,3.73,1-3,4,E
Liverpool,Burnley,1.15,8.1,14.36,2-0,2,D
Leeds,Bournemouth,4.51,4.25,1.66,0-3,3,E
Manchester Blue,Sunderland,1.18,7.53,12.15,1-0,1,D
Bournemouth,A. Villa,2.25,3.3,3.21,1-0,1,D
West Ham,London Blues,2.41,3.75,2.64,0-0,0,N
N. Forest,London Reds,5.27,3.68,1.67,1-0,1,D
Fulham,Manchester Red,2.02,3.7,3.38,1-1,2,N
Newcastle,Liverpool,1.78,4.24,3.82,0-2,2,E
C. Palace,Brentford,2.3,3.51,2.93,1-1,2,N
Brighton,Leeds,1.36,4.93,8.21,1-0,1,D
Leeds,C. Palace,4.92,3.78,1.69,1-5,6,E
London Reds,Manchester Blue,2.23,3.73,2.92,3-1,4,D
London Blues,Sunderland,1.41,4.84,6.87,4-1,5,D
Spurs,West Ham,1.57,4.66,4.84,4-1,5,D
Manchester Red,N. Forest,1.54,4.28,5.64,2-2,4,N
London Blues,London Reds,3.72,3.47,1.99,1-1,2,N
Manchester Blue,Manchester Red,1.27,5.91,9.61,2-0,2,D
Brighton,A. Villa,1.81,3.88,4.0,3-0,3,D
Liverpool,Manchester Blue,2.07,3.64,3.32,2-1,3,D
Spurs,London Reds,4.27,4.07,1.72,1-1,2,N
Everton,N. Forest,1.9,3.47,4.05,3-0,3,D
Leeds,West Ham,4.09,3.88,1.79,2-1,3,D
Brighton,C. Palace,1.86,3.64,4.01,3-1,4,D
Manchester Red,London Blues,1.88,3.79,3.79,2-2,4,N
C. Palace,A. Villa,2.07,3.52,3.41,2-0,2,D
Spurs,Manchester Red,1.77,4.14,3.96,1-1,2,N
Manchester Blue,Everton,1.23,5.98,12.13,2-1,3,D
London Blues,Liverpool,2.35,3.79,2.69,3-2,5,D
Brighton,West Ham,1.62,4.29,4.74,4-2,6,D
Newcastle,N. Forest,1.25,6.15,10.37,3-0,3,D
Everton,London Blues,2.61,3.23,2.72,1-2,3,E
Leeds,London Reds,17.02,6.85,1.17,0-4,4,E
Brentford,Manchester Red,1.85,4.07,3.65,4-2,6,D
West Ham,C. Palace,2.3,3.46,2.97,0-1,1,E
Wolverhampton,A. Villa,2.4,3.39,2.87,0-0,0,N
Manchester Blue,Newcastle,1.45,5.09,5.71,3-0,3,D
Manchester Red,Leeds,1.35,4.76,9.27,1-1,2,N
Newcastle,Manchester Red,1.41,4.77,6.99,1-0,1,D
Leeds,Manchester Blue,14.04,6.37,1.2,1-3,4,E
A. Villa,Bournemouth,1.45,5.17,5.72,2-3,5,E
Sunderland,Everton,5.06,3.36,1.77,2-1,3,D
West Ham,London Blues,2.34,3.71,2.76,2-1,3,D
Liverpool,Burnley,1.16,8.07,13.8,2-1,3,D
Fulham,N. Forest,1.72,4.17,4.16,1-3,4,E
C. Palace,London Reds,5.2,3.8,1.65,2-3,5,E
Brighton,Spurs,1.97,4.18,3.19,0-1,1,E
Fulham,Manchester Red,2.0,3.75,3.41,2-3,5,E
Fulham,Liverpool,3.15,4.07,2.02,1-2,3,E
Brighton,Sunderland,1.54,4.54,5.28,1-0,1,D
Brentford,Leeds,1.36,5.14,7.75,5-0,5,D
Bournemouth,West Ham,1.98,3.52,3.7,1-2,3,E
Newcastle,A. Villa,1.43,4.71,6.78,0-2,2,E
C. Palace,N. Forest,1.69,4.02,4.58,0-0,0,N
London Blues,Manchester Blue,3.18,3.48,2.18,2-2,4,N
Everton,Wolverhampton,1.96,3.37,3.95,2-1,3,D
London Reds,Spurs,1.43,5.31,5.76,2-0,2,D
Burnley,Manchester Red,3.09,3.3,2.3,2-3,5,E
Burnley,C. Palace,3.3,3.2,2.25,3-1,4,D
A. Villa,Fulham,1.65,4.22,4.57,1-0,1,D
Manchester Blue,Brighton,1.36,5.79,6.61,5-1,6,D
Brentford,Liverpool,2.85,4.21,2.12,1-2,3,E
London Blues,Newcastle,1.98,3.87,3.35,2-0,2,D
Everton,Wolverhampton,1.96,3.39,3.93,1-3,4,E
London Reds,Spurs,1.44,5.27,5.66,3-2,5,D
N. Forest,Sunderland,1.64,4.04,4.93,2-0,2,D
Manchester Red,Bournemouth,1.63,4.29,4.64,2-1,3,D
Brentford,Manchester Blue,3.98,4.09,1.77,3-3,6,N
West Ham,London Reds,6.39,4.27,1.49,0-3,3,E
Liverpool,Burnley,1.16,7.86,13.76,3-1,4,D
Brighton,Spurs,1.98,4.19,3.15,3-1,4,D
Leeds,London Blues,5.94,4.42,1.5,0-3,3,E
Manchester Blue,Leeds,1.12,8.7,20.3,3-1,4,D
Sunderland,Manchester Red,5.7,3.98,1.58,0-0,0,N
Everton,Brentford,2.61,3.12,2.81,1-1,2,N
London Reds,Liverpool,1.68,4.48,4.11,2-0,2,D
A. Villa,West Ham,1.44,4.91,6.13,4-0,4,D
London Blues,Bournemouth,1.55,4.54,5.12,4-1,5,D
N. Forest,Fulham,2.15,3.41,3.3,1-0,1,D
Burnley,Wolverhampton,2.44,3.4,2.81,2-3,5,E
Newcastle,Spurs,1.45,5.13,5.65,2-0,2,D
Liverpool,A. Villa,1.29,5.54,9.5,2-0,2,D
Brentford,Sunderland,1.57,4.64,4.82,2-1,3,D
Newcastle,C. Palace,1.44,4.49,6.9,5-1,6,D
Brighton,Burnley,1.44,5.01,5.99,2-1,3,D
Wolverhampton,London Reds,6.34,4.15,1.51,1-2,3,E
West Ham,Manchester Red,2.21,3.58,3.04,2-0,2,D
London Reds,Brighton,1.45,5.25,5.61,3-2,5,D
N. Forest,C. Palace,2.03,3.34,3.72,1-1,2,N
London Blues,Spurs,1.79,4.23,3.79,1-0,1,D
Manchester Red,Liverpool,2.71,3.74,2.36,3-2,5,D
Everton,Bournemouth,2.1,3.51,3.34,3-1,4,D
Brentford,Leeds,1.37,5.05,7.58,2-2,4,N
A. Villa,Wolverhampton,1.36,5.3,7.23,2-2,4,N
Burnley,Newcastle,4.19,3.93,1.76,0-1,1,E
Manchester Blue,Fulham,1.32,5.6,8.13,4-1,5,D
Sunderland,West Ham,4.98,4.04,1.63,2-1,3,D
London Reds,West Ham,1.27,6.1,9.09,0-1,1,E
Fulham,Brighton,2.28,4.09,2.65,2-4,6,E
Sunderland,Manchester Blue,18.07,7.08,1.16,0-3,3,E
Brentford,Burnley,1.47,5.16,5.4,1-1,2,N
Brighton,Leeds,1.38,4.77,8.13,2-0,2,D
Wolverhampton,Liverpool,3.75,3.93,1.86,1-1,2,N
Manchester Blue,London Blues,1.32,5.72,7.85,3-1,4,D
Spurs,Brentford,2.02,4.01,3.16,1-2,3,E
Newcastle,C. Palace,1.43,4.55,7.03,2-2,4,N
Burnley,London Reds,9.3,4.67,1.35,1-2,3,E
Bournemouth,A. Villa,2.26,3.35,3.13,1-1,2,N
Everton,Fulham,2.49,3.13,2.96,3-0,3,D
Bournemouth,Manchester Blue,5.03,3.64,1.71,1-1,2,N
London Blues,Manchester Red,1.7,3.87,4.67,0-1,1,E
C. Palace,Brentford,2.37,3.43,2.88,2-1,3,D
Sunderland,Wolverhampton,4.4,3.79,1.76,1-2,3,E
Fulham,West Ham,1.79,4.03,3.96,1-1,2,N
Liverpool,Newcastle,1.5,4.69,1.46,1-0,1,D
A. Villa,Brighton,1.65,4.64,4.18,2-2,4,N
N. Forest,Burnley,1.56,4.43,5.16,0-2,2,E
Manchester Red,Bournemouth,1.61,4.32,4.84,0-2,2,E
Wolverhampton,London Blues,2.56,3.53,2.59,1-1,2,N
Burnley,Fulham,3.45,3.4,2.1,2-1,3,D
Manchester Blue,A. Villa,1.28,5.96,9.06,2-1,3,D
West Ham,Leeds,1.59,3.98,5.54,1-0,1,D
Spurs,N. Forest,1.51,4.88,5.16,3-2,5,D
C. Palace,London Reds,5.14,3.77,1.67,0-2,2,E
Newcastle,Sunderland,1.24,6.29,10.53,1-0,1,D
Brentford,Liverpool,2.72,4.18,2.2,2-2,4,N
Bournemouth,Wolverhampton,1.87,3.58,4.08,0-1,1,E
Sunderland,Brentford,7.1,4.41,1.44,3-2,5,D
Leeds,Burnley,3.39,3.95,1.96,1-1,2,N
Fulham,Spurs,2.33,4.11,2.58,3-3,6,N
Brighton,West Ham,1.66,4.22,4.52,2-1,3,D
Liverpool,London Reds,2.35,3.4,2.94,2-0,2,D
N. Forest,C. Palace,2.08,3.3,3.64,0-1,1,E
West Ham,Spurs,2.48,4.03,2.45,3-1,4,D
Leeds,Sunderland,3.56,3.83,1.93,1-4,5,E
Manchester Red,Brentford,2.03,3.53,3.51,2-2,4,N
Brighton,Liverpool,2.56,3.93,2.41,4-0,4,D
Manchester Blue,London Reds,2.23,3.69,2.94,1-2,3,E
A. Villa,Burnley,1.3,6.13,7.99,0-0,0,N
London Blues,Fulham,1.79,3.78,4.2,1-0,1,D
Everton,C. Palace,2.55,3.02,2.96,0-1,1,E
Wolverhampton,Newcastle,3.15,3.75,2.1,1-1,2,N
Bournemouth,N. Forest,1.84,3.65,4.1,4-1,5,D
Brentford,Manchester Blue,3.79,4.07,1.82,2-3,5,E
N. Forest,London Blues,3.56,3.04,2.27,1-3,4,E
Liverpool,Leeds,1.13,8.03,20.65,4-0,4,D
Burnley,West Ham,2.69,3.42,2.53,2-0,2,D
Newcastle,Manchester Red,1.41,4.79,7.11,2-2,4,N
Spurs,Everton,1.67,4.0,4.74,2-2,4,N
Manchester Red,Wolverhampton,1.49,4.43,6.19,3-2,5,D
Fulham,Liverpool,3.16,4.1,2.0,1-1,2,N
Everton,Burnley,1.79,3.75,4.24,1-1,2,N
London Blues,London Reds,3.8,3.47,1.96,0-1,1,E
Sunderland,N. Forest,4.59,3.9,1.71,1-2,3,E
A. Villa,West Ham,1.43,4.93,6.24,2-1,3,D
Leeds,C. Palace,5.13,3.75,1.67,3-0,3,D
Manchester Blue,Newcastle,1.46,5.04,5.59,0-0,0,N
Bournemouth,Brentford,2.57,3.22,2.77,1-0,1,D
Newcastle,Bournemouth,1.31,5.82,8.16,5-0,5,D
Liverpool,N. Forest,1.19,7.0,12.75,5-1,6,D
Spurs,Leeds,1.32,5.43,8.43,2-1,3,D
Manchester Red,A. Villa,1.79,3.69,4.34,1-2,3,E
Wolverhampton,Manchester Blue,5.33,3.94,1.62,3-1,4,D
Brentford,London Blues,1.96,4.08,3.27,3-0,3,D
Burnley,Brighton,3.57,3.87,1.92,1-3,4,E
Newcastle,C. Palace,1.41,4.63,7.32,2-1,3,D
Liverpool,West Ham,1.23,6.35,11.35,0-0,0,N
Brentford,Brighton,2.04,4.29,2.96,1-0,1,D
Burnley,Wolverhampton,2.36,3.39,2.92,2-2,4,N
N. Forest,Fulham,2.21,3.43,3.17,1-1,2,N
London Blues,Sunderland,1.39,4.99,7.13,4-0,4,D
London Reds,A. Villa,1.36,5.18,7.56,4-1,5,D
Manchester Blue,Liverpool,1.64,4.63,4.3,1-2,3,E
Everton,Brighton,2.7,3.52,2.47,0-1,1,E
Manchester Red,Fulham,1.88,3.68,3.88,0-1,1,E
Newcastle,Burnley,1.21,6.97,11.29,0-2,2,E
London Reds,C. Palace,1.38,5.03,7.41,2-0,2,D
N. Forest,West Ham,1.77,3.81,4.31,0-1,1,E
Brentford,Sunderland,1.57,4.67,4.76,2-2,4,N
London Blues,Wolverhampton,1.4,4.8,7.15,5-0,5,D
Wolverhampton,Manchester Blue,5.78,4.09,1.56,0-2,2,E
Liverpool,N. Forest,1.19,6.88,12.88,2-3,5,E
Sunderland,London Reds,23.05,8.02,1.12,0-3,3,E
London Blues,Newcastle,1.96,3.87,3.44,3-0,3,D
Leeds,Manchester Red,4.89,3.9,1.67,4-1,5,D
Burnley,Brentford,3.56,3.43,2.05,0-0,0,N
C. Palace,Everton,1.84,3.44,4.43,1-1,2,N
Brighton,Bournemouth,1.7,4.33,4.14,1-2,3,E
Fulham,A. Villa,2.06,3.76,3.23,0-1,1,E
Newcastle,Wolverhampton,1.25,6.16,10.51,2-2,4,N
Manchester Red,West Ham,1.64,4.07,4.87,2-2,4,N
N. Forest,Manchester Blue,4.35,3.57,1.82,3-0,3,D
Brighton,Fulham,1.97,3.73,3.51,2-1,3,D
Everton,Sunderland,1.96,3.43,3.88,2-3,5,E
Spurs,Liverpool,2.57,4.24,2.3,2-3,5,E
Brentford,London Blues,2.01,4.04,3.18,1-1,2,N
Bournemouth,C. Palace,2.38,3.15,3.09,1-3,4,E
Leeds,Brighton,6.38,5.05,1.42,0-1,1,E
Newcastle,Brentford,1.5,4.46,5.95,3-0,3,D
Wolverhampton,N. Forest,1.93,3.69,3.68,3-1,4,D
Sunderland,Bournemouth,5.62,4.58,1.51,3-2,5,D
Burnley,Everton,2.7,3.0,2.81,1-1,2,N
West Ham,A. Villa,2.23,3.57,3.02,4-1,5,D
Fulham,Sunderland,1.69,4.27,4.3,4-2,6,D
Everton,London Blues,2.53,3.22,2.83,1-1,2,N
Bournemouth,Burnley,1.71,4.05,4.39,1-4,5,E
Spurs,N. Forest,1.53,4.83,5.04,1-1,2,N
Brighton,West Ham,1.62,4.25,4.84,3-2,5,D
Manchester Red,Manchester Blue,3.51,3.52,2.04,0-2,2,E
Brentford,Wolverhampton,1.53,4.74,5.08,1-2,3,E
Sunderland,Leeds,3.31,3.21,2.24,0-1,1,E
Brentford,London Reds,4.81,4.17,1.63,3-1,4,D
Burnley,Fulham,3.6,3.44,2.04,3-1,4,D
Liverpool,Brighton,1.33,5.67,7.52,4-1,5,D
N. Forest,☐ Manchester Red,2.04,3.47,3.53,3-0,3,D
Wolverhampton,Spurs,2.68,3.84,2.35,3-0,3,D
London Blues,Bournemouth,1.5,4.67,5.63,2-0,2,D
West Ham,C. Palace,2.31,3.49,2.93,1-0,1,D
A. Villa,N. Forest,1.36,5.33,7.39,2-0,2,D
London Reds,Wolverhampton,1.21,6.82,11.55,3-0,3,D
Sunderland,West Ham,4.98,4.0,1.64,0-3,3,E
Leeds,Burnley,3.49,3.98,1.92,1-3,4,E
Everton,Brentford,2.67,3.13,2.73,4-1,5,D
Manchester Red,Spurs,1.89,4.04,3.52,2-3,5,E
Fulham,London Blues,2.2,3.84,2.9,1-0,1,D
C. Palace,Liverpool,3.14,3.82,2.08,0-3,3,E
Brighton,Manchester Blue,3.69,3.75,1.91,1-3,4,E
Newcastle,Fulham,1.46,4.6,6.25,1-2,3,E
Spurs,A. Villa,1.79,4.18,3.83,2-0,2,D
Brentford,Bournemouth,1.66,4.62,4.16,3-0,3,D
Liverpool,Sunderland,1.17,7.36,14.01,4-0,4,D
Burnley,West Ham,2.7,3.4,2.53,3-1,4,D
Wolverhampton,Manchester Red,2.3,3.43,3.0,4-2,6,D
A. Villa,Manchester Red,1.56,4.36,5.24,2-2,4,N
Bournemouth,London Reds,6.11,3.81,1.58,2-2,4,N
West Ham,London Blues,2.43,3.69,2.65,0-2,2,E
Fulham,Brentford,3.64,2.99,7.58,0-1,1,E
Sunderland,Manchester Blue,19.01,7.38,1.15,0-0,0,N
Brighton,Spurs,1.94,4.18,3.28,2-1,3,D
C. Palace,N. Forest,1.69,4.05,4.53,1-0,1,D
Manchester Blue,Burnley,1.17,8.02,12.45,1-0,1,D
Manchester Red,Brighton,1.95,4.01,3.37,4-2,6,D
N. Forest,Sunderland,1.65,4.06,4.78,3-1,4,D
Wolverhampton,A. Villa,2.46,3.44,2.76,2-0,2,D
London Blues,Liverpool,2.27,3.82,2.79,2-1,3,D
Spurs,C. Palace,1.88,3.95,3.63,2-1,3,D
Newcastle,West Ham,1.29,5.72,9.17,3-2,5,D
Brentford,Leeds,1.37,5.09,7.58,2-1,3,D
Everton,Bournemouth,2.12,3.52,3.3,2-2,4,N
London Reds,Fulham,1.43,4.83,6.58,0-2,2,E
Bournemouth,Sunderland,1.8,3.72,4.24,2-1,3,D
Leeds,Fulham,5.71,4.2,1.55,1-3,4,E
Burnley,West Ham,2.63,3.45,2.56,3-0,3,D
C. Palace,A. Villa,2.02,3.55,3.51,1-0,1,D
Wolverhampton,Brentford,2.67,3.41,2.54,0-1,1,E
Everton,London Blues,2.41,3.27,2.95,3-2,5,D
Liverpool,Newcastle,1.45,4.89,6.03,2-0,2,D
Manchester Red,N. Forest,1.56,4.24,5.44,1-2,3,E
N. Forest,Liverpool,2.95,3.7,1.16,1-1,2,N
A. Villa,Burnley,1.32,5.9,7.54,2-1,3,D
London Blues,Wolverhampton,1.42,4.72,6.89,0-0,0,N
Fulham,Manchester Blue,4.57,4.03,1.69,0-3,3,E
Sunderland,West Ham,5.12,4.08,1.61,0-4,4,E
Manchester Red,London Reds,4.08,3.48,1.89,3-1,4,D
Brentford,Bournemouth,1.69,4.6,4.01,1-2,3,E
Spurs,Everton,1.59,4.14,5.29,1-2,3,E
Leeds,Liverpool,9.39,5.93,1.27,1-4,5,E
Burnley,Brighton,3.85,3.96,1.83,2-1,3,D
C. Palace,Fulham,2.14,3.57,3.21,2-2,4,N
West Ham,Brentford,2.59,3.53,2.56,1-1,2,N
Wolverhampton,Spurs,2.56,3.86,2.44,4-1,5,D
Bournemouth,London Blues,2.45,3.43,2.77,0-4,4,E
Everton,Manchester Red,2.35,3.1,3.21,0-0,0,N
London Reds,N. Forest,1.23,6.54,10.39,5-0,5,D
Manchester Blue,Newcastle,1.44,5.2,5.8,5-1,6,D
Sunderland,A. Villa,6.13,4.16,1.52,0-4,4,E
Spurs,Bournemouth,1.65,4.72,4.11,3-2,5,D
London Blues,West Ham,1.51,4.46,5.79,3-0,3,D
Fulham,Burnley,1.57,4.61,4.83,1-1,2,N
Newcastle,C. Palace,1.44,4.58,6.9,3-0,3,D
Brighton,Sunderland,1.51,4.64,5.46,2-2,4,N
N. Forest,Leeds,1.46,4.16,7.42,3-0,3,D
Liverpool,Manchester Blue,2.05,3.64,3.37,1-1,2,N
Manchester Red,Wolverhampton,1.52,4.33,5.87,2-0,2,D
Everton,N. Forest,1.86,3.5,4.24,3-1,4,D
C. Palace,Liverpool,3.1,3.83,2.1,1-2,3,E
Sunderland,Fulham,6.85,1.45,1.68,1-1,2,N
Brentford,Brighton,2.06,4.34,2.91,1-3,4,E
West Ham,Spurs,2.55,3.97,2.4,1-4,5,E
Burnley,Newcastle,4.42,3.93,1.73,2-3,5,E
Fulham,Brentford,2.24,3.66,2.93,3-2,5,D
Leeds,C. Palace,5.31,3.87,1.63,0-1,1,E
Liverpool,Burnley,1.16,8.02,14.14,1-1,2,N
Everton,Wolverhampton,1.98,3.4,3.82,0-2,2,E
Manchester Red,West Ham,1.64,4.04,4.96,1-2,3,E
N. Forest,Manchester Blue,4.36,3.62,1.8,0-0,0,N
Wolverhampton,N. Forest,1.95,3.72,3.58,0-2,2,E
Brentford,Newcastle,2.35,4.09,2.57,3-2,5,D
Brighton,Spurs,1.96,4.15,3.25,4-1,5,D
A. Villa,Manchester Red,1.57,4.32,5.18,2-1,3,D
London Blues,Fulham,1.77,3.81,4.28,1-3,4,E
Burnley,Leeds,2.02,3.2,3.97,2-0,2,D
Bournemouth,Everton,2.04,3.08,4.1,2-0,2,D
C. Palace,Manchester Blue,4.22,3.75,1.8,0-1,1,E
Sunderland,Liverpool,11.98,6.49,1.22,1-2,3,E
N. Forest,C. Palace,2.02,3.76,1.35,2-0,2,D
Spurs,Fulham,1.92,3.99,3.46,1-0,1,D
Leeds,Sunderland,3.69,3.8,1.9,2-2,4,N
Liverpool,Brentford,1.43,4.69,6.8,2-0,2,D
Everton,West Ham,2.04,3.38,3.65,2-3,5,E
Wolverhampton,Bournemouth,2.17,3.81,2.97,1-1,2,N
Newcastle,London Blues,1.43,4.84,6.55,1-1,2,N
London Blues,Liverpool,2.33,3.79,2.72,1-3,4,E
West Ham,Wolverhampton,1.81,3.93,3.94,3-2,5,D
Spurs,Newcastle,2.24,4.2,2.67,4-1,5,D
Fulham,Manchester Red,2.02,3.7,3.39,2-2,4,N
A. Villa,Everton,1.49,4.28,6.49,1-1,2,N
Bournemouth,N. Forest,1.87,3.65,4.0,1-3,4,E
Brentford,Leeds,1.36,5.1,7.78,0-0,0,N
Brighton,London Reds,4.26,3.79,1.78,1-1,2,N
Leeds,London Blues,5.38,4.26,1.56,0-0,0,N
Manchester Blue,Brentford,1.35,5.37,7.52,2-0,2,D
Everton,Brighton,2.62,3.52,2.54,0-2,2,E
Liverpool,Spurs,1.38,5.42,6.7,1-3,4,E
C. Palace,Sunderland,1.66,4.08,4.74,1-2,3,E
N. Forest,Burnley,1.57,4.36,5.22,3-3,6,N
London Reds,Fulham,1.42,4.91,6.59,2-2,4,N
Bournemouth,West Ham,1.98,3.56,3.67,4-0,4,D
Manchester Red,Liverpool,2.55,3.73,2.5,4-2,6,D
Sunderland,Burnley,3.85,3.97,1.82,1-0,1,D
Fulham,Everton,1.85,3.56,4.21,2-3,5,E
A. Villa,Bournemouth,1.44,5.17,5.76,3-2,5,D
Spurs,Leeds,1.34,5.34,8.07,4-1,5,D
Brighton,Wolverhampton,1.54,4.45,5.42,2-0,2,D
West Ham,N. Forest,1.82,3.94,3.91,2-0,2,D
London Blues,Manchester Blue,3.21,3.47,2.17,0-0,0,N
Brentford,C. Palace,1.88,3.9,3.7,0-0,0,N
Newcastle,London Reds,2.7,3.41,2.52,1-2,3,E
Newcastle,N. Forest,1.25,6.13,10.11,2-2,4,N
Liverpool,Fulham,1.34,5.18,8.44,3-0,3,D
Everton,Brentford,2.74,3.07,2.71,3-2,5,D
London Reds,London Blues,1.42,5.1,6.34,4-1,5,D
C. Palace,West Ham,1.84,3.84,3.89,0-1,1,E
Leeds,Brighton,6.4,5.1,1.41,0-3,3,E
Wolverhampton,Sunderland,1.95,3.77,3.54,1-2,3,E
Manchester Blue,A. Villa,1.29,5.83,8.95,3-1,4,D
Bournemouth,Burnley,1.71,4.05,4.41,3-1,4,D
Manchester Red,Spurs,1.98,4.04,3.24,4-2,6,D
C. Palace,Fulham,2.35,3.47,2.89,4-1,5,D
Manchester Red,Spurs,1.95,4.03,3.36,2-0,2,D
Brentford,London Blues,1.97,4.07,3.27,1-2,3,E
Bournemouth,Wolverhampton,1.92,3.55,3.88,0-2,2,E
Brighton,Sunderland,1.51,4.62,5.48,2-1,3,D
A. Villa,Liverpool,2.08,4.08,2.99,4-0,4,D
Leeds,N. Forest,3.99,3.85,1.82,0-4,4,E
London Reds,West Ham,1.26,6.14,9.42,1-1,2,N
Everton,Newcastle,2.81,3.4,2.44,1-1,2,N
Manchester Blue,Burnley,1.16,8.17,13.04,5-1,6,D
Leeds,Newcastle,7.71,5.35,1.35,0-3,3,E
Sunderland,C. Palace,6.18,3.91,1.56,1-1,2,N
Bournemouth,Everton,2.03,3.1,4.06,2-2,4,N
Manchester Red,London Reds,4.28,3.57,1.83,0-4,4,E
Brentford,Fulham,1.99,3.99,3.27,3-0,3,D
Liverpool,London Blues,1.34,5.28,8.0,2-0,2,D
Burnley,N. Forest,2.46,3.44,2.76,1-3,4,E
Brighton,West Ham,1.6,4.36,4.87,0-2,2,E
Wolverhampton,Burnley,1.77,4.07,4.0,0-0,0,N
Spurs,Liverpool,2.62,4.2,2.27,3-2,5,D
C. Palace,N. Forest,1.73,3.97,4.37,3-2,5,D
West Ham,A. Villa,2.31,3.57,2.88,3-2,5,D
Newcastle,Manchester Blue,2.31,3.56,2.89,1-1,2,N
Everton,Leeds,1.67,3.42,5.87,4-1,5,D
Fulham,Brighton,2.33,4.04,2.61,2-1,3,D
Leeds,Manchester Red,5.26,3.98,1.62,0-1,1,E
London Blues,C. Palace,1.69,3.8,4.92,2-0,2,D
Liverpool,Newcastle,1.48,4.78,5.77,2-2,4,N
Brighton,London Reds,4.59,3.89,1.71,1-2,3,E
Brentford,Bournemouth,1.74,4.56,3.76,4-1,5,D
Sunderland,Spurs,7.31,5.33,1.36,1-1,2,N
A. Villa,Fulham,1.63,4.29,4.73,1-1,2,N
Burnley,West Ham,2.79,3.42,2.45,0-2,2,E
Manchester Blue,Everton,1.22,6.25,12.5,4-0,4,D
N. Forest,Wolverhampton,1.68,3.9,4.78,2-1,3,D
Bournemouth,C. Palace,2.27,3.21,3.25,0-2,2,E
West Ham,Fulham,2.32,3.59,2.85,1-3,4,E
London Reds,N. Forest,1.22,6.79,10.96,1-0,1,D
Burnley,Everton,2.7,2.97,2.83,1-2,3,E
Leeds,Wolverhampton,3.68,3.74,1.92,0-2,2,E
London Blues,Brentford,1.8,3.72,4.24,1-0,1,D
Liverpool,Newcastle,1.45,4.89,5.97,4-0,4,D
Manchester Red,Brighton,1.95,3.95,3.4,1-0,1,D
Spurs,Sunderland,1.5,4.86,5.3,4-1,5,D
A. Villa,Manchester Blue,2.89,3.67,2.26,2-3,5,E
Fulham,Manchester Red,1.99,3.69,3.48,2-0,2,D
N. Forest,Wolverhampton,1.65,3.99,4.89,1-3,4,E
Everton,A. Villa,2.42,3.14,3.04,0-0,0,N
Manchester Blue,Bournemouth,1.23,6.84,9.66,4-1,5,D
Newcastle,London Reds,2.66,3.47,2.53,1-3,4,E
C. Palace,London Blues,2.18,3.65,3.05,1-2,3,E
Manchester Blue,Burnley,1.16,8.1,13.04,4-1,5,D
N. Forest,Wolverhampton,1.69,3.85,4.78,0-2,2,E
London Blues,Everton,1.59,3.75,6.08,0-1,1,E
Newcastle,Liverpool,1.85,4.13,3.62,2-0,2,D
C. Palace,Spurs,2.26,3.892,6.45,0-2,2,E
Brentford,London Reds,4.91,4.24,1.61,0-1,1,E
Brighton,Manchester Red,1.83,3.86,3.93,4-0,4,D
Manchester Blue,West Ham,1.21,6.98,11.19,3-0,3,D
C. Palace,Manchester Red,2.06,3.46,3.5,1-2,3,E
N. Forest,Leeds,1.43,4.28,7.78,1-2,3,E
London Reds,Spurs,1.43,5.32,5.81,3-0,3,D
A. Villa,Liverpool,2.17,4.04,2.84,1-1,2,N
Bournemouth,Wolverhampton,1.85,3.61,4.1,3-0,3,D
Burnley,Brighton,3.83,3.96,1.83,2-3,5,E
Sunderland,London Blues,7.03,4.67,1.42,0-3,3,E
Brentford,Fulham,2.01,3.97,3.22,1-3,4,E
Brighton,N. Forest,1.54,5.38,3.25,4-0,4,D
Bournemouth,West Ham,2.0,3.53,3.61,1-1,2,N
Brentford,Wolverhampton,1.55,4.67,4.94,0-2,2,E
Burnley,Liverpool,5.16,4.29,1.58,1-2,3,E
London Reds,Fulham,1.4,5.07,6.83,2-1,3,D
C. Palace,London Blues,2.19,3.62,3.05,1-1,2,N
A. Villa,Spurs,1.7,4.6,3.9,2-1,3,D
Newcastle,Manchester Red,1.39,4.85,7.37,1-2,3,E
Leeds,Everton,4.13,3.29,1.95,2-2,4,N
Fulham,C. Palace,2.01,3.61,3.49,3-2,5,D
A. Villa,London Reds,3.32,3.66,2.06,3-0,3,D
Manchester Red,N. Forest,1.57,4.25,5.36,2-1,3,D
Newcastle,Spurs,1.44,5.19,5.83,3-0,3,D
Sunderland,West Ham,5.02,4.02,1.63,1-2,3,E
Liverpool,Bournemouth,1.24,6.49,10.23,3-0,3,D
Manchester Blue,Sunderland,1.17,7.69,13.03,4-1,5,D
London Reds,Bournemouth,1.28,6.17,8.39,3-2,5,D
Spurs,Fulham,1.99,4.02,3.25,0-2,2,E
C. Palace,Burnley,1.61,4.38,4.77,0-0,0,N
Brighton,Newcastle,2.19,3.94,2.86,3-0,3,D
West Ham,Leeds,1.57,4.03,5.65,0-1,1,E
Everton,Manchester Red,2.39,3.08,3.15,2-1,3,D
N. Forest,London Blues,2.14,3.54,3.22,2-0,2,D
Wolverhampton,Liverpool,3.75,3.97,1.85,1-3,4,E
Brentford,A. Villa,1.85,4.05,3.67,2-0,2,D
A. Villa,N. Forest,1.36,5.33,7.3,1-3,4,E
Fulham,Brighton,2.24,4.08,2.71,3-0,3,D
Burnley,Spurs,3.76,4.0,1.84,0-2,2,E
London Blues,Everton,1.59,3.77,5.97,3-1,4,D
Sunderland,Leeds,3.26,3.19,2.28,4-0,4,D
Newcastle,Manchester Blue,2.37,3.51,2.83,1-0,1,D
Liverpool,C. Palace,1.32,5.09,9.21,3-1,4,D
Bournemouth,Brentford,2.6,3.24,2.73,0-0,0,N
London Reds,Wolverhampton,1.22,6.74,11.01,3-1,4,D
Bournemouth,Brighton,2.49,3.64,2.61,1-2,3,E
Brentford,N. Forest,1.55,4.7,4.94,0-0,0,N
Wolverhampton,Spurs,2.63,3.87,2.37,1-1,2,N
A. Villa,Manchester Blue,2.9,3.6,2.29,0-5,5,E
Burnley,Leeds,1.94,3.3,4.13,1-1,2,N
Newcastle,Leeds,1.18,6.79,15.6,1-0,1,D
London Reds,Brentford,1.46,4.72,6.1,1-0,1,D
Burnley,Everton,2.78,2.95,2.77,0-0,0,N
Wolverhampton,Sunderland,1.87,3.8,3.81,1-3,4,E
Fulham,West Ham,1.79,4.0,3.97,2-0,2,D
Bournemouth,C. Palace,2.38,3.12,3.14,2-1,3,D
Manchester Red,Manchester Blue,3.56,3.51,2.02,1-1,2,N
Wolverhampton,Everton,2.11,3.2,3.65,0-0,0,N
Burnley,Newcastle,4.5,4.0,1.7,0-0,0,N
Bournemouth,West Ham,1.97,3.57,3.67,3-1,4,D
Brentford,Spurs,2.01,4.39,2.99,3-2,5,D
London Blues,Manchester Red,1.66,3.92,4.94,2-1,3,D
Sunderland,Fulham,6.89,4.36,1.46,0-1,1,E
C. Palace,N. Forest,1.68,4.02,4.65,1-2,3,E
West Ham,Wolverhampton,1.82,3.93,3.92,0-0,0,N
Newcastle,Liverpool,1.76,4.23,3.9,3-2,5,D
Manchester Red,A. Villa,1.84,3.64,4.12,2-1,3,D
Spurs,N. Forest,1.49,4.92,5.4,3-1,4,D
Leeds,Bournemouth,4.58,4.24,1.65,2-1,3,D
Manchester Blue,London Reds,2.26,3.64,2.92,2-1,3,D
Brighton,Brentford,1.96,3.73,3.55,1-1,2,N
London Blues,Sunderland,1.42,4.81,6.88,1-1,2,N
Fulham,Burnley,1.58,4.58,4.79,5-1,6,D
A. Villa,London Blues,1.67,4.22,3.9,1-2,3,E
London Reds,Newcastle,1.56,4.61,4.99,3-1,4,D
Sunderland,Burnley,3.86,3.99,1.82,0-1,1,E
Liverpool,Fulham,1.37,5.04,7.64,0-0,0,N
C. Palace,West Ham,1.81,3.83,4.07,2-2,4,N
N. Forest,Brighton,2.14,3.82,3.03,0-5,5,E
Wolverhampton,Leeds,1.65,3.74,5.34,2-1,3,D
Spurs,Everton,1.65,3.98,4.96,2-0,2,D
Everton,Leeds,1.65,3.45,6.11,0-2,2,E
Spurs,Newcastle,2.16,4.24,2.77,1-2,3,E
Brighton,Manchester Blue,3.71,3.75,1.91,0-0,0,N
Bournemouth,Liverpool,3.48,3.63,2.01,1-4,5,E
Wolverhampton,Burnley,1.81,4.02,3.87,1-1,2,N
Burnley,West Ham,2.56,3.43,2.65,1-2,3,E
Brentford,Sunderland,1.54,4.79,4.97,1-1,2,N
Manchester Red,Newcastle,2.23,3.69,2.94,1-4,5,E
London Reds,N. Forest,1.23,6.61,10.72,4-1,5,D
Liverpool,Everton,1.26,5.4,12.05,1-0,1,D
A. Villa,Brighton,1.68,4.64,4.03,2-0,2,D
Wolverhampton,C. Palace,2.42,3.26,2.94,0-0,0,N
London Blues,Manchester Blue,3.21,3.46,2.18,0-3,3,E
Wolverhampton,West Ham,2.14,3.57,3.2,2-0,2,D
C. Palace,Everton,1.94,3.3,4.12,0-1,1,E
Liverpool,Newcastle,1.48,4.77,5.8,3-0,3,D
A. Villa,Manchester Red,1.54,4.39,5.46,3-0,3,D
N. Forest,Spurs,2.23,3.84,2.85,2-0,2,D
Bournemouth,Leeds,1.6,3.73,5.96,2-1,3,D
Brentford,Brighton,2.08,4.35,2.85,4-0,4,D
Sunderland,London Blues,7.08,4.65,1.42,0-2,2,E
Burnley,Fulham,3.55,3.45,2.05,3-0,3,D
London Blues,A. Villa,1.64,3.98,5.04,2-1,3,D
Manchester Blue,Brentford,1.34,5.4,7.79,2-1,3,D
Burnley,Sunderland,2.39,3.52,2.79,0-1,1,E
Fulham,Liverpool,3.01,4.08,2.07,1-0,1,D
West Ham,C. Palace,2.24,3.46,3.08,1-3,4,E
Brighton,N. Forest,1.5,4.66,5.6,4-1,5,D
Leeds,Wolverhampton,3.71,3.76,1.91,0-5,5,E
Everton,Spurs,2.72,3.58,2.42,2-2,4,N
Everton,Brighton,2.64,3.51,2.52,1-2,3,E
C. Palace,Leeds,1.48,4.19,6.81,2-2,4,N
Bournemouth,London Blues,2.44,3.39,2.81,3-0,3,D
Brentford,Newcastle,2.21,4.13,2.73,2-4,6,E
N. Forest,☐ Manchester Blue,4.45,3.61,1.79,1-1,2,N
Liverpool,Burnley,1.16,8.05,14.21,3-2,5,D
Wolverhampton,☐ Manchester Red,2.35,3.44,2.91,2-1,3,D
London Reds,Fulham,1.44,4.74,6.53,1-0,1,D
Spurs,West Ham,1.57,4.66,4.8,1-2,3,E
Sunderland,A. Villa,5.87,4.12,1.55,2-1,3,D
London Blues,Wolverhampton,1.39,4.89,7.22,1-2,3,E
Liverpool,Sunderland,1.17,7.41,13.73,3-1,4,D
Manchester Blue,Everton,1.22,6.23,12.55,3-0,3,D
Burnley,London Reds,9.39,4.67,1.35,0-4,4,E
Newcastle,N. Forest,1.26,5.98,9.9,3-1,4,D
Leeds,Spurs,6.14,5.06,1.43,2-1,3,D
Manchester Red,C. Palace,1.87,3.54,4.09,0-0,0,N
A. Villa,Bournemouth,1.48,4.96,5.42,2-0,2,D
West Ham,Brighton,2.58,3.99,2.37,0-3,3,E
Brighton,Leeds,1.37,4.78,8.1,2-2,4,N
West Ham,Manchester Blue,4.95,4.0,1.65,1-3,4,E
Spurs,Manchester Red,1.79,4.17,3.83,2-0,2,D
Sunderland,Bournemouth,5.62,4.52,1.51,3-1,4,D
N. Forest,Fulham,2.18,3.5,3.18,2-2,4,N
Everton,Newcastle,2.97,3.38,2.34,2-2,4,N
Brentford,N. Forest,1.53,4.75,5.08,1-1,2,N
Wolverhampton,Brighton,2.65,3.8,2.38,1-3,4,E
Liverpool,Everton,1.25,5.63,12.14,2-0,2,D
West Ham,A. Villa,2.29,3.59,2.9,2-3,5,E
Burnley,Sunderland,2.48,3.49,2.7,0-0,0,N
Fulham,Newcastle,2.54,3.95,2.42,0-1,1,E
C. Palace,London Blues,2.23,3.67,2.95,0-4,4,E
London Reds,Bournemouth,1.3,6.0,7.88,3-1,4,D
Liverpool,Burnley,1.16,7.9,13.98,5-0,5,D
N. Forest,London Blues,2.23,3.53,3.05,2-2,4,N
Fulham,Brentford,2.32,3.61,2.85,1-1,2,N
Leeds,A. Villa,4.9,3.92,1.66,3-1,4,D
Newcastle,London Reds,2.65,3.46,2.54,1-1,2,N
Spurs,West Ham,1.62,4.58,4.45,5-0,5,D
Sunderland,Brighton,7.64,5.32,1.35,2-4,6,E
Everton,Bournemouth,2.19,3.51,3.13,1-2,3,E
Manchester Blue,C. Palace,1.32,5.4,8.53,2-1,3,D
Wolverhampton,Leeds,1.65,3.7,5.44,1-3,4,E
Burnley,London Blues,3.62,3.56,1.99,0-2,2,E
Spurs,Sunderland,1.5,4.93,5.29,1-0,1,D
Liverpool,A. Villa,1.3,5.51,9.19,1-0,1,D
Fulham,N. Forest,1.67,4.26,4.39,0-2,2,E
C. Palace,London Reds,5.29,3.81,1.64,1-3,4,E
Brentford,Brighton,2.13,4.3,2.8,1-1,2,N
Leeds,N. Forest,3.78,3.77,1.89,1-2,3,E
A. Villa,Liverpool,2.06,4.09,3.03,3-1,4,D
London Reds,Burnley,1.19,7.36,11.67,3-0,3,D
West Ham,Newcastle,2.96,3.81,2.17,1-2,3,E
Sunderland,Bournemouth,5.48,4.47,1.53,1-1,2,N
Brighton,Manchester Red,1.79,3.89,4.12,2-1,3,D
Brentford,Fulham,2.01,3.95,3.23,0-3,3,E
Everton,London Blues,2.53,3.23,2.82,0-0,0,N
Manchester Blue,A. Villa,1.27,6.09,9.49,3-0,3,D
Liverpool,Sunderland,1.17,7.4,14.01,6-0,6,D
Burnley,Leeds,2.0,3.24,3.97,0-2,2,E
Newcastle,Brighton,1.47,4.93,5.58,2-1,3,D
Spurs,Wolverhampton,1.51,4.81,5.23,1-0,1,D
London Blues,Manchester Red,1.61,4.03,5.28,1-0,1,D
Bournemouth,Brentford,2.54,3.28,2.77,0-1,1,E
Fulham,West Ham,1.83,3.98,3.82,1-0,1,D
C. Palace,London Reds,5.07,3.79,1.67,0-1,1,E
Brighton,Fulham,1.92,3.75,3.67,2-0,2,D
Wolverhampton,Manchester Blue,5.68,4.02,1.57,1-0,1,D
Everton,Burnley,1.81,3.71,4.21,1-0,1,D
London Blues,Newcastle,2.01,3.88,3.28,4-1,5,D
Sunderland,A. Villa,5.74,4.04,1.57,0-2,2,E
West Ham,Bournemouth,2.1,3.94,3.02,3-2,5,D
Manchester Red,N. Forest,1.55,4.29,5.51,0-0,0,N
Leeds,C. Palace,4.98,3.73,1.69,1-4,5,E
Bournemouth,Brighton,2.56,3.66,2.53,2-2,4,N
Fulham,London Blues,3.83,2.86,1.17,2-2,4,N
Burnley,Manchester Red,3.22,3.35,1.76,0-1,1,E
Liverpool,West Ham,1.23,6.34,11.07,4-1,5,D
Everton,Spurs,2.56,3.59,2.56,0-0,0,N
Leeds,Wolverhampton,3.66,3.62,1.96,3-1,4,D
Brighton,Liverpool,2.57,3.94,2.4,2-1,3,D
London Blues,Bournemouth,1.56,4.45,5.09,1-2,3,E
Brentford,Sunderland,1.54,4.71,5.05,3-0,3,D
Newcastle,Burnley,1.2,7.17,11.44,2-2,4,N
N. Forest,Fulham,2.13,3.41,3.36,2-0,2,D
C. Palace,Newcastle,2.63,3.7,2.44,1-2,3,E
Liverpool,London Blues,1.36,5.18,7.74,3-2,5,D
Bournemouth,N. Forest,1.8,3.69,4.26,5-0,5,D
London Reds,Leeds,1.15,7.74,17.29,0-0,0,N
Sunderland,West Ham,4.99,4.05,1.63,0-1,1,E
Burnley,Fulham,3.58,3.38,2.06,1-1,2,N
Wolverhampton,Everton,2.11,3.14,3.74,1-0,1,D
A. Villa,Brighton,1.74,4.49,3.79,0-2,2,E
Newcastle,Spurs,1.45,5.07,5.71,4-1,5,D
Fulham,C. Palace,2.13,3.58,3.22,0-1,1,E
Burnley,Bournemouth,2.77,3.65,2.35,1-2,3,E
Leeds,Manchester Blue,14.64,1.19,3.01,0-3,3,E
Everton,London Reds,6.09,3.6,1.62,0-4,4,E
London Blues,A. Villa,1.7,3.87,4.69,1-0,1,D
Brentford,Brighton,2.05,4.33,2.93,2-1,3,D
Spurs,Fulham,1.93,4.08,3.36,0-1,1,E
Leeds,Everton,4.16,3.28,1.94,1-3,4,E
London Reds,Manchester Red,1.36,5.16,7.7,0-0,0,N
Manchester Blue,West Ham,1.22,6.85,10.88,4-1,5,D
Sunderland,London Blues,7.09,4.62,1.42,2-3,5,E
C. Palace,Bournemouth,1.87,3.94,3.68,2-1,3,D
Wolverhampton,Newcastle,3.06,3.73,2.15,2-1,3,D
Fulham,Wolverhampton,1.69,4.18,4.4,1-1,2,N
Burnley,A. Villa,3.31,3.34,2.18,1-3,4,E
N. Forest,Sunderland,1.64,4.06,4.87,1-1,2,N
Bournemouth,Spurs,2.59,3.76,2.45,2-2,4,N
Everton,Manchester Blue,5.07,3.47,1.74,2-2,4,N
C. Palace,Liverpool,2.98,3.82,2.16,0-2,2,E
Brighton,West Ham,1.65,4.23,4.59,5-0,5,D
Wolverhampton,Bournemouth,2.18,3.77,2.97,1-2,3,E
Sunderland,Burnley,4.02,4.0,1.78,1-2,3,E
West Ham,London Blues,2.44,3.67,2.64,1-2,3,E
Brentford,N. Forest,1.56,4.69,4.84,1-2,3,E
Everton,Manchester Red,2.39,3.17,3.06,1-1,2,N
Spurs,Liverpool,2.68,4.28,2.21,0-1,1,E
Leeds,Newcastle,7.2,5.12,1.38,1-0,1,D
A. Villa,C. Palace,1.58,4.24,5.22,3-0,3,D
Bournemouth,London Blues,2.38,3.38,2.9,2-2,4,N
London Reds,Spurs,1.48,5.12,5.35,1-1,2,N
Manchester Red,Manchester Blue,3.61,3.45,2.03,2-2,4,N
A. Villa,Brentford,1.74,4.02,4.24,4-1,5,D
Brighton,Burnley,1.45,4.97,5.91,4-1,5,D
Sunderland,Leeds,3.35,3.21,3.43,0-0,0,N
Newcastle,Everton,1.35,4.79,9.23,1-0,1,D
Fulham,Manchester Blue,4.1,3.87,1.79,1-0,1,D
A. Villa,West Ham,1.39,5.11,6.8,1-0,1,D
Leeds,Liverpool,9.42,6.01,1.27,1-2,3,E
Sunderland,Everton,4.71,1.83,1.79,1-1,2,N
C. Palace,London Reds,5.18,3.82,1.65,1-0,1,D
Bournemouth,Wolverhampton,1.83,3.63,4.23,1-1,2,N
Brighton,Burnley,1.43,5.12,5.97,2-2,4,N
N. Forest,C. Palace,2.14,3.28,3.46,1-3,4,E
Everton,Manchester Red,2.35,3.16,3.14,0-1,1,E
Liverpool,Bournemouth,1.23,6.6,10.3,3-1,4,D
West Ham,Newcastle,2.86,3.83,2.23,1-3,4,E
Manchester Blue,London Blues,1.33,5.65,7.71,1-2,3,E
Wolverhampton,Fulham,2.7,3.45,2.5,1-1,2,N
London Reds,Brighton,1.45,5.18,5.66,4-0,4,D
Burnley,Spurs,3.63,4.01,1.87,2-0,2,D
Leeds,A. Villa,4.69,3.83,1.71,1-1,2,N
C. Palace,West Ham,1.78,3.91,4.12,3-2,5,D
Manchester Red,Brentford,1.99,3.55,3.64,1-1,2,N
London Blues,Wolverhampton,1.4,4.78,7.21,3-1,4,D
Fulham,Bournemouth,1.84,4.23,3.58,1-1,2,N
A. Villa,Liverpool,2.18,4.01,2.84,2-0,2,D
Newcastle,Leeds,1.18,6.83,15.73,3-1,4,D
London Reds,Everton,1.29,5.33,10.21,4-0,4,D
Bournemouth,London Blues,2.41,3.46,2.82,0-1,1,E
Leeds,C. Palace,4.85,3.71,1.71,1-1,2,N
Wolverhampton,Sunderland,1.89,3.79,3.74,4-0,4,D
Manchester Blue,Manchester Red,1.3,5.66,8.72,5-1,6,D
A. Villa,Newcastle,1.86,4.19,3.54,1-3,4,E
N. Forest,Spurs,2.27,3.85,2.78,2-2,4,N
Manchester Red,Wolverhampton,1.52,4.31,5.85,0-1,1,E
London Reds,Brentford,1.45,4.77,6.28,4-1,5,D
Spurs,West Ham,1.6,4.62,4.59,2-1,3,D
Sunderland,Bournemouth,5.37,4.52,1.53,2-3,5,E
London Blues,Fulham,1.79,3.81,4.18,3-0,3,D
Everton,N. Forest,1.97,3.43,3.84,1-1,2,N
Fulham,Sunderland,1.65,4.33,4.45,0-3,3,E
N. Forest,Brentford,2.23,3.4,3.16,0-2,2,E
A. Villa,= Brighton,1.68,4.52,4.1,2-1,3,D
West Ham,Everton,2.03,3.32,3.76,0-1,1,E
Newcastle,C. Palace,1.41,4.69,7.26,3-3,6,N
Bournemouth,Manchester Red,2.29,3.26,3.16,1-2,3,E
Leeds,Spurs,6.13,5.04,1.43,1-3,4,E
Liverpool,London Blues,1.36,5.16,7.66,2-1,3,D
C. Palace,Liverpool,3.01,3.81,2.15,1-3,4,E
Burnley,Bournemouth,2.9,3.66,2.26,1-1,2,N
Brentford,West Ham,1.66,4.45,4.29,1-2,3,E
Spurs,A. Villa,1.79,4.2,3.82,4-0,4,D
Sunderland,London Blues,7.22,4.68,1.41,0-1,1,E
Everton,Leeds,1.64,3.48,6.18,1-0,1,D
N. Forest,Manchester Blue,4.15,3.55,1.86,0-3,3,E
Manchester Red,Fulham,1.96,3.58,3.68,3-0,3,D
Leeds,Brentford,5.97,4.25,1.52,0-1,1,E
Liverpool,Sunderland,1.18,7.18,13.47,5-0,5,D
Newcastle,Spurs,1.49,4.97,5.37,3-1,4,D
London Blues,Manchester Red,1.63,4.04,5.01,3-1,4,D
Fulham,Burnley,1.62,4.5,4.52,4-1,5,D
Wolverhampton,N. Forest,1.94,3.74,3.63,1-0,1,D
Bournemouth,London Reds,5.91,3.81,1.59,3-1,4,D
N. Forest,Bournemouth,1.89,3.88,3.68,5-0,5,D
Manchester Red,Sunderland,1.49,4.55,5.88,2-1,3,D
Burnley,London Blues,3.49,3.58,2.02,0-0,0,N
Brentford,A. Villa,1.83,4.09,3.72,0-1,1,E
Everton,Newcastle,3.02,3.42,2.29,2-1,3,D
Manchester Blue,Leeds,9.17,21.62,1.83,2-0,2,D
Brighton,Liverpool,2.58,3.88,2.41,1-3,4,E
Spurs,C. Palace,1.74,4.1,4.13,5-1,6,D
